id	instruction	input	output
l0000	Uppercase:	anihmnb	ANIHMNB
l0001	Reverse:	zlabgxwk	kwxgbalz
l0002	Sort letters:	hdvg	dghv
l0003	Uppercase:	qudsr	QUDSR
l0004	Sort letters:	qksu	kqsu
l0005	Sort letters:	hbfzlqm	bfhlmqz
l0006	Sort letters:	ddsw	ddsw
l0007	Length:	ppheaxqjbvax	12
l0008	Sort letters:	isdojktp	dijkopst
l0009	Count vowels:	icfpiynadn	3
l0010	Sort letters:	cnloqj	cjlnoq
l0011	Reverse:	xqd	dqx
l0012	Uppercase:	byzkow	BYZKOW
l0013	Uppercase:	qbrgxy	QBRGXY
l0014	Repeat:	"she said ""the über"""	"she said ""the über"""
l0015	Sort letters:	jcpne	cejnp
l0016	Reverse:	ksnuzg	gzunsk
l0017	Repeat:	jalapeño to to	jalapeño to to
l0018	Reverse:	kvpdy	ydpvk
l0019	Repeat:	"she ’n’ said ""losing text data a token and small parser"""	"she ’n’ said ""losing text data a token and small parser"""
l0020	Repeat:	it back of	it back of
l0021	Uppercase:	kgz	KGZ
l0022	Sort letters:	qqrkqf	fkqqqr
l0023	Uppercase:	ispoeet	ISPOEET
l0024	Reverse:	mlhrbqi	iqbrhlm
l0025	Uppercase:	dumpk	DUMPK
l0026	Reverse:	eaz	zae
l0027	Count vowels:	xpaoo	3
l0028	Reverse:	kajp	pjak
l0029	Sort letters:	dmsne	demns
l0030	Sort letters:	qdguqy	dgqquy
l0031	Reverse:	bqyttmk	kmttyqb
l0032	Count vowels:	xlewnra	2
l0033	Count vowels:	aqvhi	2
l0034	Reverse:	cfsrvldn	ndlvrsfc
l0035	Count vowels:	vlppuji	2
l0036	Sort letters:	syw	swy
l0037	Uppercase:	ondpl	ONDPL
l0038	Uppercase:	xplqreyul	XPLQREYUL
l0039	Sort letters:	tlwvksem	eklmstvw
l0040	Sort letters:	qfgx	fgqx
l0041	Sort letters:	afp	afp
l0042	Reverse:	apymkk	kkmypa
l0043	Sort letters:	qttc	cqtt
l0044	Repeat:	of back text	of back text
l0045	Reverse:	feeyr	ryeef
l0046	Sort letters:	wlx	lwx
l0047	Sort letters:	ili	iil
l0048	Length:	wspvkhk	7
l0049	Repeat:	señor learns learns every the back data	señor learns learns every the back data
l0050	Reverse:	hmfl	lfmh
l0051	Uppercase:	yovo	YOVO
l0052	Uppercase:	fnymvjuui	FNYMVJUUI
l0053	Sort letters:	nqogvcpe	cegnopqv
l0054	Sort letters:	upxzqs	pqsuxz
l0055	Sort letters:	qkinq	iknqq
l0056	Repeat:	of and text without learns exactly gradient back of jalapeño	of and text without learns exactly gradient back of jalapeño
l0057	Count vowels:	zqowzjtac	2
l0058	Length:	idow	4
l0059	Uppercase:	lknkimzgh	LKNKIMZGH
l0060	Repeat:	exactly ’n’ parser line data character back data jalapeño text exactly	exactly ’n’ parser line data character back data jalapeño text exactly
l0061	Count vowels:	pqgiqrq	1
l0062	Reverse:	aedyjt	tjydea
l0063	Sort letters:	wsupla	alpsuw
l0064	Reverse:	bpdkpd	dpkdpb
l0065	Count vowels:	tnppug	1
l0066	Reverse:	xnqcvw	wvcqnx
l0067	Reverse:	qyhd	dhyq
l0068	Length:	wonts	5
l0069	Sort letters:	txyfin	fintxy
l0070	Reverse:	hivhceo	oechvih
l0071	Reverse:	vpehxbts	stbxhepv
l0072	Reverse:	ucg	gcu
l0073	Repeat:	model learns	model learns
l0074	Uppercase:	imkw	IMKW
l0075	Count vowels:	ufycpmiazl	3
l0076	Sort letters:	bukjp	bjkpu
l0077	Sort letters:	ccyzyzt	cctyyzz
l0078	Reverse:	llefsdzl	lzdsfell
l0079	Length:	vqxkyny	7
l0080	Repeat:	parser losing	parser losing
l0081	Sort letters:	xamttlml	allmmttx
l0082	Repeat:	losing and résumé	losing and résumé
l0083	Repeat:	"back
quick"	"back
quick"
l0084	Sort letters:	rdpy	dpry
l0085	Length:	nlf	3
l0086	Reverse:	rjfvs	svfjr
l0087	Uppercase:	vzzuold	VZZUOLD
l0088	Sort letters:	uhuxc	chuux
l0089	Repeat:	exactly über	exactly über
l0090	Sort letters:	pqn	npq
l0091	Sort letters:	bbuvg	bbguv
l0092	Sort letters:	kohpuk	hkkopu
l0093	Repeat:	jalapeño to naïve	jalapeño to naïve
l0094	Uppercase:	kparxn	KPARXN
l0095	Repeat:	"she ’n’ said ""text and batch learns señor señor a"""	"she ’n’ said ""text and batch learns señor señor a"""
l0096	Repeat:	and a character	and a character
l0097	Sort letters:	zusfcavj	acfjsuvz
l0098	Length:	vhby	4
l0099	Uppercase:	kdgjbre	KDGJBRE
l0100	Reverse:	vwqmkez	zekmqwv
l0101	Reverse:	kczvwe	ewvzck
l0102	Sort letters:	okgacmwt	acgkmotw
l0103	Reverse:	lid	dil
l0104	Reverse:	oavce	ecvao
l0105	Sort letters:	mtnexfjc	cefjmntx
l0106	Uppercase:	abt	ABT
l0107	Reverse:	adeie	eieda
l0108	Reverse:	hbecs	scebh
l0109	Count vowels:	ejgcxnvuv	2
l0110	Repeat:	exactly jalapeño it	exactly jalapeño it
l0111	Reverse:	ysxaf	faxsy
l0112	Uppercase:	aumtfmeie	AUMTFMEIE
l0113	Uppercase:	ofrttbbx	OFRTTBBX
l0114	Repeat:	a to quick	a to quick
l0115	Sort letters:	stahv	ahstv
l0116	Repeat:	gradient model parser	gradient model parser
l0117	Length:	qulavjya	8
l0118	Repeat:	parser jalapeño exactly token déjà token small gradient parser text	parser jalapeño exactly token déjà token small gradient parser text
l0119	Uppercase:	zdkeyosh	ZDKEYOSH
l0120	Repeat:	of résumé of data and back loss loss line small	of résumé of data and back loss loss line small
l0121	Sort letters:	kcxku	ckkux
l0122	Uppercase:	panltkbv	PANLTKBV
l0123	Reverse:	neqocsp	pscoqen
l0124	Count vowels:	sicbszoh	2
l0125	Count vowels:	xfnvek	1
l0126	Reverse:	gtohu	uhotg
l0127	Repeat:	token ’n’ a token quick every it über of model	token ’n’ a token quick every it über of model
l0128	Sort letters:	kab	abk
l0129	Count vowels:	dkbx	0
l0130	Sort letters:	smine	eimns
l0131	Uppercase:	bjwta	BJWTA
l0132	Repeat:	"she ’n’ said ""the a every"""	"she ’n’ said ""the a every"""
l0133	Repeat:	every it token token character back it model without quick	every it token token character back it model without quick
l0134	Count vowels:	touxduxu	4
l0135	Reverse:	qitcuvne	envuctiq
l0136	Uppercase:	pbaaf	PBAAF
l0137	Sort letters:	adh	adh
l0138	Uppercase:	yqog	YQOG
l0139	Sort letters:	nnrwogk	gknnorw
l0140	Sort letters:	vekhvyc	cehkvvy
l0141	Reverse:	woiwth	htwiow
l0142	Sort letters:	xtlubqzh	bhlqtuxz
l0143	Sort letters:	pfw	fpw
l0144	Repeat:	loss loss losing	loss loss losing
l0145	Reverse:	pqjfiz	zifjqp
l0146	Sort letters:	esu	esu
l0147	Uppercase:	olcpi	OLCPI
l0148	Reverse:	kgkn	nkgk
l0149	Reverse:	yar	ray
l0150	Length:	eafo	4
l0151	Length:	chye	4
l0152	Repeat:	déjà ’n’ text	déjà ’n’ text
l0153	Uppercase:	joxvfhxje	JOXVFHXJE
l0154	Reverse:	mjlyiwxz	zxwiyljm
l0155	Reverse:	rrdzg	gzdrr
l0156	Sort letters:	ewxowjlh	ehjlowwx
l0157	Sort letters:	wqzeuk	ekquwz
l0158	Reverse:	wiquywm	mwyuqiw
l0159	Reverse:	uxubwc	cwbuxu
l0160	Reverse:	glvivi	ivivlg
l0161	Uppercase:	prcmfrl	PRCMFRL
l0162	Reverse:	sepgvcps	spcvgpes
l0163	Reverse:	jwzap	pazwj
l0164	Reverse:	ulgnt	tnglu
l0165	Uppercase:	khwytgx	KHWYTGX
l0166	Reverse:	ptnau	uantp
l0167	Uppercase:	rpeflw	RPEFLW
l0168	Sort letters:	nxyd	dnxy
l0169	Count vowels:	dmmerhgux	2
l0170	Sort letters:	xtbwcpmh	bchmptwx
l0171	Length:	kmwdrieanwpm	12
l0172	Length:	jtqbovi	7
l0173	Uppercase:	iltbfoby	ILTBFOBY
l0174	Sort letters:	zmsoh	hmosz
l0175	Length:	xgdfagfmedol	12
l0176	Repeat:	to batch	to batch
l0177	Reverse:	kdr	rdk
l0178	Uppercase:	nnfbxf	NNFBXF
l0179	Count vowels:	giprbqac	2
l0180	Sort letters:	xxvwpd	dpvwxx
l0181	Count vowels:	cpjqxu	1
l0182	Sort letters:	tktg	gktt
l0183	Count vowels:	frswri	1
l0184	Repeat:	loss ’n’ losing loss	loss ’n’ losing loss
l0185	Reverse:	rdp	pdr
l0186	Count vowels:	agqqenwb	2
l0187	Repeat:	batch without loss	batch without loss
l0188	Count vowels:	nlxatql	1
l0189	Count vowels:	tpvcoigvoz	3
l0190	Sort letters:	twprhllq	hllpqrtw
l0191	Count vowels:	ckrjxfhkvo	1
l0192	Repeat:	"small	the model"	"small	the model"
l0193	Count vowels:	fmcuxm	1
l0194	Sort letters:	rbgvjv	bgjrvv
l0195	Count vowels:	tiiglbdqr	2
l0196	Repeat:	"she ’n’ said ""café to it losing every single déjà loss señor"""	"she ’n’ said ""café to it losing every single déjà loss señor"""
l0197	Repeat:	loss to single copy copy jalapeño model a token	loss to single copy copy jalapeño model a token
l0198	Sort letters:	enqzftrd	defnqrtz
l0199	Sort letters:	gngl	ggln
l0200	Uppercase:	aotonhfz	AOTONHFZ
l0201	Repeat:	copy café	copy café
l0202	Uppercase:	xsouuqcxy	XSOUUQCXY
l0203	Sort letters:	vgnqrts	gnqrstv
l0204	Repeat:	reads back the to without loss token señor	reads back the to without loss token señor
l0205	Repeat:	über it	über it
l0206	Uppercase:	noku	NOKU
l0207	Repeat:	line quick	line quick
l0208	Reverse:	wxdbzuqe	equzbdxw
l0209	Reverse:	oxxcw	wcxxo
l0210	Count vowels:	yybxbqf	0
l0211	Uppercase:	ocmyphm	OCMYPHM
l0212	Reverse:	mvn	nvm
l0213	Reverse:	xvewrfj	jfrwevx
l0214	Repeat:	"a	loss text"	"a	loss text"
l0215	Sort letters:	ghf	fgh
l0216	Reverse:	ieorivyt	tyviroei
l0217	Count vowels:	fdlpysbm	0
l0218	Reverse:	wiyrdm	mdryiw
l0219	Uppercase:	hvw	HVW
l0220	Reverse:	ofwle	elwfo
l0221	Repeat:	gradient a copy exactly parser character it without	gradient a copy exactly parser character it without
l0222	Sort letters:	yhxch	chhxy
l0223	Repeat:	line naïve losing every über without and the	line naïve losing every über without and the
l0224	Reverse:	apk	kpa
l0225	Reverse:	bwtzgte	etgztwb
l0226	Reverse:	ksmrgky	ykgrmsk
l0227	Uppercase:	gnukaol	GNUKAOL
l0228	Uppercase:	mcam	MCAM
l0229	Sort letters:	pxkwiocr	cikoprwx
l0230	Reverse:	eozenntb	btnnezoe
l0231	Count vowels:	irlx	1
l0232	Sort letters:	bbi	bbi
l0233	Uppercase:	rbsxzby	RBSXZBY
l0234	Reverse:	xnljowm	mwojlnx
l0235	Uppercase:	tjqekinuh	TJQEKINUH
l0236	Count vowels:	bzmwwcq	0
l0237	Uppercase:	eciswy	ECISWY
l0238	Count vowels:	recjmo	2
l0239	Sort letters:	lpunvw	lnpuvw
l0240	Count vowels:	kzdetylxx	1
l0241	Uppercase:	xvh	XVH
l0242	Repeat:	résumé ’n’ line and café quick text résumé text parser	résumé ’n’ line and café quick text résumé text parser
l0243	Sort letters:	mqdcowi	cdimoqw
l0244	Repeat:	line copy	line copy
l0245	Reverse:	myneeavu	uvaeenym
l0246	Length:	amsgag	6
l0247	Uppercase:	asrksdk	ASRKSDK
l0248	Reverse:	sjzb	bzjs
l0249	Uppercase:	rvxohkon	RVXOHKON
l0250	Reverse:	agnfexhy	yhxefnga
l0251	Count vowels:	rqdntfpv	0
l0252	Repeat:	token ’n’ token model text every character café reads	token ’n’ token model text every character café reads
l0253	Reverse:	wrexv	vxerw
l0254	Count vowels:	hkti	1
l0255	Sort letters:	hvffzys	ffhsvyz
l0256	Reverse:	krdkr	rkdrk
l0257	Uppercase:	ieucjkn	IEUCJKN
l0258	Sort letters:	xgyrb	bgrxy
l0259	Repeat:	back it exactly	back it exactly
l0260	Uppercase:	gmrffznqg	GMRFFZNQG
l0261	Repeat:	"she ’n’ said ""without every"""	"she ’n’ said ""without every"""
l0262	Sort letters:	kewsx	ekswx
l0263	Sort letters:	zxrd	drxz
l0264	Repeat:	"she said ""jalapeño exactly back line single text reads losing"""	"she said ""jalapeño exactly back line single text reads losing"""
l0265	Uppercase:	pixksa	PIXKSA
l0266	Reverse:	zsc	csz
l0267	Length:	hwthfju	7
l0268	Uppercase:	hpcs	HPCS
l0269	Reverse:	gqlrhkj	jkhrlqg
l0270	Sort letters:	gqexa	aegqx
l0271	Length:	ushqng	6
l0272	Reverse:	fqzorhyv	vyhrozqf
l0273	Repeat:	über a	über a
l0274	Reverse:	qnyi	iynq
l0275	Sort letters:	bwh	bhw
l0276	Count vowels:	qknbn	0
l0277	Uppercase:	ttcbx	TTCBX
l0278	Uppercase:	prek	PREK
l0279	Repeat:	"café
déjà"	"café
déjà"
l0280	Reverse:	alx	xla
l0281	Sort letters:	fss	fss
l0282	Reverse:	uwlwmg	gmwlwu
l0283	Count vowels:	vrxsx	0
l0284	Sort letters:	zwzrneq	enqrwzz
l0285	Sort letters:	mxwpt	mptwx
l0286	Reverse:	ygv	vgy
l0287	Reverse:	fnmjvr	rvjmnf
l0288	Reverse:	dkpvck	kcvpkd
l0289	Reverse:	sxhu	uhxs
l0290	Uppercase:	bsotwpjn	BSOTWPJN
l0291	Repeat:	"exactly
café"	"exactly
café"
l0292	Sort letters:	ftu	ftu
l0293	Uppercase:	skox	SKOX
l0294	Count vowels:	kqsitibk	2
l0295	Repeat:	reads a	reads a
l0296	Sort letters:	bbjrtpu	bbjprtu
l0297	Sort letters:	smatsx	amsstx
l0298	Uppercase:	lfuaup	LFUAUP
l0299	Length:	hjk	3
l0300	Sort letters:	ambrm	abmmr
l0301	Sort letters:	anqehdg	adeghnq
l0302	Sort letters:	jqgujuc	cgjjquu
l0303	Reverse:	yigmra	armgiy
l0304	Repeat:	it line batch loss a of data señor model naïve	it line batch loss a of data señor model naïve
l0305	Uppercase:	iquztybh	IQUZTYBH
l0306	Reverse:	geor	roeg
l0307	Sort letters:	eun	enu
l0308	Sort letters:	cdgz	cdgz
l0309	Uppercase:	qrf	QRF
l0310	Uppercase:	wecgxwe	WECGXWE
l0311	Reverse:	fobq	qbof
l0312	Sort letters:	xkoxzpso	koopsxxz
l0313	Uppercase:	pjs	PJS
l0314	Sort letters:	uxcdmcqo	ccdmoqux
l0315	Sort letters:	fctdt	cdftt
l0316	Repeat:	the character	the character
l0317	Reverse:	vjxud	duxjv
l0318	Reverse:	smuqevpv	vpvequms
l0319	Sort letters:	nbd	bdn
l0320	Length:	rtncuildmq	10
l0321	Repeat:	character character without the the the token parser exactly	character character without the the the token parser exactly
l0322	Sort letters:	yrsrdt	drrsty
l0323	Sort letters:	tcletl	celltt
l0324	Repeat:	model quick	model quick
l0325	Sort letters:	yxin	inxy
l0326	Sort letters:	quicxv	ciquvx
l0327	Uppercase:	lpbha	LPBHA
l0328	Reverse:	dgrcayhi	ihyacrgd
l0329	Sort letters:	ctv	ctv
l0330	Length:	roxnztaoisst	12
l0331	Uppercase:	wsq	WSQ
l0332	Reverse:	lhjthj	jhtjhl
l0333	Repeat:	"she ’n’ said ""résumé losing"""	"she ’n’ said ""résumé losing"""
l0334	Reverse:	muiawy	ywaium
l0335	Repeat:	data a a	data a a
l0336	Repeat:	gradient a of	gradient a of
l0337	Repeat:	character señor	character señor
l0338	Sort letters:	klxf	fklx
l0339	Length:	jlzrhhkxx	9
l0340	Repeat:	"she said ""quick it"""	"she said ""quick it"""
l0341	Count vowels:	vdcytchllu	1
l0342	Sort letters:	hsuxrgg	gghrsux
l0343	Sort letters:	qhrcxm	chmqrx
l0344	Sort letters:	ltepzt	elpttz
l0345	Uppercase:	rbtzfi	RBTZFI
l0346	Reverse:	yod	doy
l0347	Count vowels:	yvsk	0
l0348	Sort letters:	yqwgqq	gqqqwy
l0349	Uppercase:	fytgcrg	FYTGCRG
l0350	Count vowels:	dpknel	1
l0351	Reverse:	jxgfjqj	jqjfgxj
l0352	Reverse:	uvmggy	yggmvu
l0353	Sort letters:	aalvqq	aalqqv
l0354	Reverse:	zryqk	kqyrz
l0355	Reverse:	scco	occs
l0356	Sort letters:	xoqhdyj	dhjoqxy
l0357	Reverse:	rjubhyg	gyhbujr
l0358	Sort letters:	mna	amn
l0359	Uppercase:	myymrjq	MYYMRJQ
l0360	Uppercase:	axo	AXO
l0361	Sort letters:	osytocg	cgoosty
l0362	Count vowels:	pyyzlpjguv	1
l0363	Reverse:	xhbhv	vhbhx
l0364	Count vowels:	ajsvw	1
l0365	Sort letters:	ynol	lnoy
l0366	Repeat:	small quick and data a without and naïve every	small quick and data a without and naïve every
l0367	Sort letters:	vyp	pvy
l0368	Repeat:	quick jalapeño without	quick jalapeño without
l0369	Repeat:	the it token	the it token
l0370	Sort letters:	cyq	cqy
l0371	Sort letters:	eqz	eqz
l0372	Reverse:	mtvjggec	ceggjvtm
l0373	Reverse:	etmjcctx	xtccjmte
l0374	Sort letters:	yyti	ityy
l0375	Reverse:	rlchb	bhclr
l0376	Sort letters:	cvnf	cfnv
l0377	Uppercase:	xxxvcgq	XXXVCGQ
l0378	Sort letters:	bhwgr	bghrw
l0379	Reverse:	wdipp	ppidw
l0380	Reverse:	vrs	srv
l0381	Count vowels:	vdptsib	1
l0382	Uppercase:	gjbvlks	GJBVLKS
l0383	Reverse:	kfggjkma	amkjggfk
l0384	Length:	cvwhi	5
l0385	Reverse:	jkpwp	pwpkj
l0386	Sort letters:	qqwrkmu	kmqqruw
l0387	Repeat:	naïve character single	naïve character single
l0388	Reverse:	lpkurox	xorukpl
l0389	Length:	apno	4
l0390	Repeat:	character loss without	character loss without
l0391	Sort letters:	nhb	bhn
l0392	Count vowels:	pmriuzeap	4
l0393	Uppercase:	rba	RBA
l0394	Reverse:	xeouj	juoex
l0395	Reverse:	aeqy	yqea
l0396	Sort letters:	tavkcex	acektvx
l0397	Reverse:	owirgi	igriwo
l0398	Reverse:	nvltypio	oipytlvn
l0399	Sort letters:	btz	btz
l0400	Length:	qg	2
l0401	Reverse:	ydvts	stvdy
l0402	Reverse:	rbel	lebr
l0403	Sort letters:	xeskrvwb	bekrsvwx
l0404	Uppercase:	ukfvoggzp	UKFVOGGZP
l0405	Reverse:	jmgnkwyl	lywkngmj
l0406	Sort letters:	dkkwgh	dghkkw
l0407	Reverse:	dgxreyjm	mjyerxgd
l0408	Uppercase:	lmgmhj	LMGMHJ
l0409	Reverse:	yfn	nfy
l0410	Uppercase:	dai	DAI
l0411	Reverse:	lxdjv	vjdxl
l0412	Uppercase:	gttxvx	GTTXVX
l0413	Uppercase:	xtjgj	XTJGJ
l0414	Repeat:	"she said ""exactly and"""	"she said ""exactly and"""
l0415	Repeat:	model exactly	model exactly
l0416	Count vowels:	fkdxfabj	1
l0417	Sort letters:	xxt	txx
l9999	Repeat:	"unterminated quote here	oops
l0418	Sort letters:	udfzmvj	dfjmuvz
l0419	Reverse:	cdzyjo	ojyzdc
l0420	Reverse:	lfp	pfl
l0421	Sort letters:	oiupchd	cdhiopu
l0422	Sort letters:	enspo	enops
l0423	Length:	dcanazrp	8
l0424	Reverse:	webr	rbew
l0425	Sort letters:	tarzrtx	arrttxz
l0426	Sort letters:	edzfmboo	bdefmooz
l0427	Uppercase:	swjppkxh	SWJPPKXH
l0428	Count vowels:	oagrngdkc	2
l0429	Length:	xbp	3
l0430	Repeat:	résumé ’n’ back	résumé ’n’ back
l0431	Reverse:	vqpx	xpqv
l0432	Reverse:	glmppoir	rioppmlg
l0433	Uppercase:	bgtb	BGTB
l0434	Length:	g	1
l0435	Sort letters:	fkqph	fhkpq
l0436	Length:	vgpdmqn	7
l0437	Reverse:	kgma	amgk
l0438	Uppercase:	wgbddgupo	WGBDDGUPO
l0439	Sort letters:	qtybsi	biqsty
l0440	Uppercase:	hhku	HHKU
l0441	Sort letters:	fff	fff
l0442	Repeat:	a ’n’ copy	a ’n’ copy
l0443	Repeat:	single model naïve without without gradient parser every to jalapeño	single model naïve without without gradient parser every to jalapeño
l0444	Repeat:	"the
jalapeño ’n’ model"	"the
jalapeño ’n’ model"
l0445	Sort letters:	yfidiyp	dfiipyy
l0446	Sort letters:	vzpghfk	fghkpvz
l0447	Count vowels:	ldwadjtvi	2
l0448	Uppercase:	xokqmpu	XOKQMPU
l0449	Sort letters:	vfw	fvw
l0450	Reverse:	ykts	stky
l0451	Repeat:	data every a character loss señor señor	data every a character loss señor señor
l0452	Repeat:	data ’n’ line	data ’n’ line
l0453	Repeat:	gradient ’n’ a	gradient ’n’ a
l0454	Length:	uwvsthreiuy	11
l0455	Uppercase:	gebbjpzx	GEBBJPZX
l0456	Reverse:	kzwa	awzk
l0457	Count vowels:	ykjmb	0
l0458	Uppercase:	pchmgwj	PCHMGWJ
l0459	Repeat:	copy back café	copy back café
l0460	Sort letters:	loqk	kloq
l0461	Reverse:	cvx	xvc
l0462	Reverse:	zqr	rqz
l0463	Uppercase:	hnrdew	HNRDEW
l0464	Sort letters:	vhhmftoa	afhhmotv
l0465	Length:	est	3
l0466	Uppercase:	mbyzj	MBYZJ
l0467	Count vowels:	fccsutte	2
l0468	Uppercase:	ufadkyuxk	UFADKYUXK
l0469	Sort letters:	ldol	dllo
l0470	Sort letters:	acszwifi	acfiiswz
l0471	Reverse:	hxi	ixh
l0472	Repeat:	a every	a every
l0473	Sort letters:	bfl	bfl
l0474	Length:	gxcjxbu	7
l0475	Uppercase:	oprhbqlrf	OPRHBQLRF
l0476	Count vowels:	mrwtdbxzto	1
l0477	Length:	qhwsupnk	8
l0478	Reverse:	whpkkewl	lwekkphw
l0479	Uppercase:	hlndpqua	HLNDPQUA
l0480	Count vowels:	kliv	1
l0481	Sort letters:	hyejoz	ehjoyz
l0482	Sort letters:	vxaanl	aalnvx
l0483	Uppercase:	zesyvqz	ZESYVQZ
l0484	Sort letters:	emkvji	eijkmv
l0485	Sort letters:	exaf	aefx
l0486	Count vowels:	lixrqvrrbk	1
l0487	Reverse:	yzcmgemy	ymegmczy
l0488	Count vowels:	uzcaag	3
l0489	Sort letters:	ggjpn	ggjnp
l0490	Sort letters:	mekqjv	ejkmqv
l0491	Sort letters:	altaav	aaaltv
l0492	Repeat:	"copy
small learns"	"copy
small learns"
l0493	Length:	ewrlpepjrou	11
l0494	Repeat:	"she ’n’ said ""single a a"""	"she ’n’ said ""single a a"""
l0495	Uppercase:	wpdjqfq	WPDJQFQ
l0496	Reverse:	cegvg	gvgec
l0497	Reverse:	dubmws	swmbud
l0498	Reverse:	srs	srs
l0499	Uppercase:	nwvhekq	NWVHEKQ
l0500	Repeat:	"gradient	quick ’n’ a"	"gradient	quick ’n’ a"
l0501	Sort letters:	cak	ack
l0502	Reverse:	iwqpdaw	wadpqwi
l0503	Reverse:	gxpwf	fwpxg
l0504	Sort letters:	fzmwkfug	ffgkmuwz
l0505	Repeat:	copy batch a	copy batch a
l0506	Uppercase:	rclle	RCLLE
l0507	Sort letters:	zwfkg	fgkwz
l0508	Sort letters:	apfmpn	afmnpp
l0509	Repeat:	single copy losing	single copy losing
l0510	Uppercase:	tcbcmhg	TCBCMHG
l0511	Sort letters:	pyxhtedr	dehprtxy
l0512	Count vowels:	bssqirouil	4
l0513	Length:	lzkl	4
l0514	Repeat:	without losing	without losing
l0515	Reverse:	rpv	vpr
l0516	Reverse:	kade	edak
l0517	Repeat:	to reads losing	to reads losing
l0518	Sort letters:	zepd	depz
l0519	Length:	gm	2
l0520	Sort letters:	ssv	ssv
l0521	Repeat:	and ’n’ loss	and ’n’ loss
l0522	Uppercase:	lygiau	LYGIAU
l0523	Reverse:	qnucqe	eqcunq
l0524	Count vowels:	klrw	0
l0525	Sort letters:	zudbsmg	bdgmsuz
l0526	Sort letters:	oats	aost
l0527	Reverse:	iuaam	maaui
l0528	Sort letters:	xbq	bqx
l0529	Sort letters:	tedwipl	deilptw
l0530	Length:	sgwperqpds	10
l0531	Uppercase:	hqliwymcx	HQLIWYMCX
l0532	Length:	ini	3
l0533	Reverse:	bzfrs	srfzb
l0534	Length:	pvgppdbvhx	10
l0535	Sort letters:	vrdaulfk	adfklruv
l0536	Length:	nkvzazovmdv	11
l0537	Sort letters:	aabs	aabs
l0538	Length:	ugsvcff	7
l0539	Repeat:	résumé back back	résumé back back
l0540	Reverse:	zjucywrz	zrwycujz
l0541	Count vowels:	swnmczc	0
l0542	Uppercase:	ifjm	IFJM
l0543	Reverse:	adkavd	dvakda
l0544	Count vowels:	cbasoqcx	2
l0545	Uppercase:	kukmihhgi	KUKMIHHGI
l0546	Sort letters:	dlruagh	adghlru
l0547	Reverse:	zkgmbajh	hjabmgkz
l0548	Uppercase:	fgemf	FGEMF
l0549	Sort letters:	iojdno	dijnoo
l0550	Length:	beqibgb	7
l0551	Sort letters:	ibw	biw
l0552	Sort letters:	fqjjrsk	fjjkqrs
l0553	Uppercase:	qjieezykm	QJIEEZYKM
l0554	Length:	ghqmn	5
l0555	Uppercase:	nghuztda	NGHUZTDA
l0556	Reverse:	dgji	ijgd
l0557	Sort letters:	bpikxy	bikpxy
l0558	Sort letters:	ynzt	ntyz
l0559	Reverse:	joec	ceoj
l0560	Repeat:	quick quick to a a über jalapeño copy	quick quick to a a über jalapeño copy
l0561	Reverse:	qgfseoi	ioesfgq
l0562	Reverse:	enlb	blne
l0563	Length:	ca	2
l0564	Count vowels:	ulaglginjc	3
l0565	Reverse:	oggvrlo	olrvggo
l0566	Repeat:	quick ’n’ café	quick ’n’ café
l0567	Repeat:	"she said ""a learns to"""	"she said ""a learns to"""
l0568	Sort letters:	vmfbt	bfmtv
l0569	Length:	bcjhmcn	7
l0570	Sort letters:	mwiungl	gilmnuw
l0571	Length:	zv	2
l0572	Reverse:	novzfk	kfzvon
l0573	Sort letters:	unjv	jnuv
l0574	Reverse:	dvvspkvx	xvkpsvvd
l0575	Repeat:	"she said ""losing back"""	"she said ""losing back"""
l0576	Repeat:	every to data losing of señor character loss	every to data losing of señor character loss
l0577	Reverse:	wrp	prw
l0578	Repeat:	gradient to data	gradient to data
l0579	Sort letters:	rarmgzq	agmqrrz
l0580	Sort letters:	kmlood	dklmoo
l0581	Reverse:	clrzfoc	cofzrlc
l0582	Sort letters:	hpnpli	hilnpp
l0583	Length:	ekwjtszlvxv	11
l0584	Uppercase:	eipolud	EIPOLUD
l0585	Reverse:	cgsmg	gmsgc
l0586	Uppercase:	mzh	MZH
l0587	Repeat:	the small small	the small small
l0588	Sort letters:	igdw	dgiw
l0589	Reverse:	ripassw	wssapir
l0590	Reverse:	tvaxfp	pfxavt
l0591	Uppercase:	nlli	NLLI
l0592	Sort letters:	dknlmk	dkklmn
l0593	Repeat:	back ’n’ the déjà	back ’n’ the déjà
l0594	Reverse:	rnyv	vynr
l0595	Reverse:	cnrxifwg	gwfixrnc
l0596	Count vowels:	gakf	1
l0597	Length:	dkvjdkp	7
l0598	Reverse:	uhb	bhu
l0599	Repeat:	über text	über text
l0600	Repeat:	batch a	batch a
l0601	Reverse:	wdt	tdw
l0602	Uppercase:	sahsduec	SAHSDUEC
l0603	Length:	amcnvxjk	8
l0604	Reverse:	bajugag	gagujab
l0605	Uppercase:	yfhxbv	YFHXBV
l0606	Reverse:	klc	clk
l0607	Length:	yhkfk	5
l0608	Repeat:	token copy reads	token copy reads
l0609	Uppercase:	arrpkh	ARRPKH
l0610	Sort letters:	rqe	eqr
l0611	Length:	wdgsjzssyb	10
l0612	Repeat:	token exactly jalapeño copy it exactly résumé quick	token exactly jalapeño copy it exactly résumé quick
l0613	Uppercase:	dgdjho	DGDJHO
l0614	Reverse:	kurg	gruk
l0615	Sort letters:	fbcry	bcfry
l0616	Sort letters:	lmdmh	dhlmm
l0617	Reverse:	odmbu	ubmdo
l0618	Reverse:	hwlc	clwh
l0619	Sort letters:	jjq	jjq
l0620	Repeat:	exactly déjà the	exactly déjà the
l0621	Reverse:	cqxvn	nvxqc
l0622	Sort letters:	qpabppml	ablmpppq
l0623	Reverse:	txwv	vwxt
l0624	Reverse:	tjvfjlqx	xqljfvjt
l0625	Sort letters:	miui	iimu
l0626	Uppercase:	fnmoz	FNMOZ
l0627	Count vowels:	cwqsoq	1
l0628	Reverse:	akbbgt	tgbbka
l0629	Reverse:	veb	bev
l0630	Uppercase:	kgsk	KGSK
l0631	Reverse:	wuvei	ievuw
l0632	Reverse:	ezmzekuz	zukezmze
l0633	Sort letters:	iqvgu	giquv
l0634	Reverse:	eqgtec	cetgqe
l0635	Sort letters:	qgix	giqx
l0636	Uppercase:	ujhcpa	UJHCPA
l0637	Length:	vizrcfrj	8
l0638	Reverse:	dwrhpfn	nfphrwd
l0639	Repeat:	token to a	token to a
l0640	Reverse:	fdtzjzfj	jfzjztdf
l0641	Reverse:	mbx	xbm
l0642	Reverse:	ufsgek	kegsfu
l0643	Sort letters:	mtcddzd	cdddmtz
l0644	Sort letters:	fjldb	bdfjl
l0645	Uppercase:	lgqh	LGQH
l0646	Uppercase:	ophgdjrr	OPHGDJRR
l0647	Repeat:	a losing losing	a losing losing
l0648	Count vowels:	tfuav	2
l0649	Count vowels:	jpkjbn	0
l0650	Repeat:	quick loss	quick loss
l0651	Sort letters:	bxpbm	bbmpx
l0652	Length:	xv	2
l0653	Uppercase:	tpot	TPOT
l0654	Sort letters:	uzobouo	booouuz
l0655	Repeat:	"déjà
señor every"	"déjà
señor every"
l0656	Length:	xnucotyiv	9
l0657	Sort letters:	lqtmglzb	bgllmqtz
l0658	Reverse:	bojcpkyk	kykpcjob
l0659	Sort letters:	woou	oouw
l0660	Sort letters:	ubeyrmpp	bemppruy
l0661	Repeat:	character ’n’ and exactly	character ’n’ and exactly
l0662	Sort letters:	nsnqkdf	dfknnqs
l0663	Repeat:	a ’n’ to loss	a ’n’ to loss
l0664	Reverse:	vhyunbk	kbnuyhv
l0665	Repeat:	and ’n’ jalapeño back parser of loss résumé	and ’n’ jalapeño back parser of loss résumé
l0666	Repeat:	learns single parser small to copy to señor without jalapeño	learns single parser small to copy to señor without jalapeño
l0667	Sort letters:	kaziagz	aagikzz
l0668	Uppercase:	khehyv	KHEHYV
l0669	Uppercase:	anqm	ANQM
l0670	Reverse:	zxccizg	gziccxz
l0671	Reverse:	adwkh	hkwda
l0672	Sort letters:	ylc	cly
l0673	Sort letters:	bltrchw	bchlrtw
l0674	Repeat:	"line
naïve über"	"line
naïve über"
l0675	Reverse:	jttnt	tnttj
l0676	Length:	exjtohv	7
l0677	Reverse:	cuocs	scouc
l0678	Uppercase:	wterldf	WTERLDF
l0679	Reverse:	nvg	gvn
l0680	Reverse:	nwzgv	vgzwn
l0681	Uppercase:	jqvhmjrxw	JQVHMJRXW
l0682	Sort letters:	xycdwk	cdkwxy
l0683	Reverse:	wri	irw
l0684	Reverse:	ktgytj	jtygtk
l0685	Sort letters:	npkw	knpw
l0686	Uppercase:	nbe	NBE
l0687	Sort letters:	qooq	ooqq
l0688	Reverse:	qolszuow	wouzsloq
l0689	Uppercase:	lertgvr	LERTGVR
l0690	Repeat:	and exactly	and exactly
l0691	Sort letters:	bubyl	bbluy
l0692	Sort letters:	qqa	aqq
l0693	Uppercase:	vmwe	VMWE
l0694	Sort letters:	vghvbe	beghvv
l0695	Length:	jzyx	4
l0696	Sort letters:	idjy	dijy
l0697	Count vowels:	akpbm	1
l0698	Repeat:	single model	single model
l0699	Sort letters:	tggpjvp	ggjpptv
l0700	Length:	pgtioi	6
l0701	Uppercase:	vhbg	VHBG
l0702	Reverse:	gzciou	uoiczg
l0703	Uppercase:	bgmazh	BGMAZH
l0704	Sort letters:	pvaegs	aegpsv
l0705	Sort letters:	cmttx	cmttx
l0706	Reverse:	rjigvk	kvgijr
l0707	Length:	w	1
l0708	Sort letters:	roh	hor
l0709	Uppercase:	ydyevun	YDYEVUN
l0710	Count vowels:	uwmexsf	2
l0711	Sort letters:	zstgq	gqstz
l0712	Sort letters:	zovdv	dovvz
l0713	Length:	voosnnhslamf	12
l0714	Repeat:	exactly quick model	exactly quick model
l0715	Count vowels:	doxww	1
l0716	Reverse:	akadfjj	jjfdaka
l0717	Sort letters:	xsopba	abopsx
l0718	Reverse:	hnckcs	sckcnh
l0719	Reverse:	nqeao	oaeqn
l0720	Uppercase:	bcjqc	BCJQC
l0721	Reverse:	dvlvde	edvlvd
l0722	Sort letters:	mtveiley	eeilmtvy
l0723	Uppercase:	muvy	MUVY
l0724	Sort letters:	ipf	fip
l0725	Sort letters:	irfvwq	fiqrvw
l0726	Count vowels:	uxjxznb	1
l0727	Length:	ulgrmjbibx	10
l0728	Uppercase:	gdnpdzn	GDNPDZN
l0729	Repeat:	gradient small	gradient small
l0730	Sort letters:	ewhzvysu	ehsuvwyz
l0731	Sort letters:	axzgujg	aggjuxz
l0732	Repeat:	token the	token the
l0733	Count vowels:	phxklr	0
l0734	Sort letters:	zshyz	hsyzz
l0735	Count vowels:	pldzxjrdb	0
l0736	Sort letters:	azv	avz
l0737	Uppercase:	lowrrru	LOWRRRU
l0738	Sort letters:	xuo	oux
l0739	Uppercase:	tksoj	TKSOJ
l0740	Length:	wmlinkpddt	10
l0741	Sort letters:	qisvb	biqsv
l0742	Sort letters:	gwqirv	giqrvw
l0743	Repeat:	"she said ""single text"""	"she said ""single text"""
l0744	Sort letters:	vjhdc	cdhjv
l0745	Count vowels:	hupewez	3
l0746	Length:	wwqudwr	7
l0747	Reverse:	dzxccpbv	vbpccxzd
l0748	Reverse:	gakxroq	qorxkag
l0749	Reverse:	ioi	ioi
l0750	Sort letters:	lya	aly
l0751	Repeat:	"café
über data"	"café
über data"
l0752	Sort letters:	siefsxxh	efhissxx
l0753	Uppercase:	yxdljhthb	YXDLJHTHB
l0754	Uppercase:	etmiqdkc	ETMIQDKC
l0755	Count vowels:	dhhzgc	0
l0756	Repeat:	café reads	café reads
l0757	Sort letters:	lfobdq	bdfloq
l0758	Uppercase:	nzrggft	NZRGGFT
l0759	Uppercase:	lramcbjg	LRAMCBJG
l0760	Repeat:	über of parser	über of parser
l0761	Length:	crvdnn	6
l0762	Reverse:	zcf	fcz
l0763	Uppercase:	megmuisb	MEGMUISB
l0764	Count vowels:	oxiz	2
l0765	Repeat:	character ’n’ jalapeño jalapeño café naïve and data	character ’n’ jalapeño jalapeño café naïve and data
l0766	Sort letters:	qnuukfb	bfknquu
l0767	Uppercase:	jjaxfgb	JJAXFGB
l0768	Repeat:	losing ’n’ loss	losing ’n’ loss
l0769	Sort letters:	nlxlos	llnosx
l0770	Reverse:	gqjtgb	bgtjqg
l0771	Count vowels:	jhfpcgy	0
l0772	Reverse:	pulcy	yclup
l0773	Length:	xuauuc	6
l0774	Length:	mwspkscxwekr	12
l0775	Reverse:	ryslu	ulsyr
l0776	Reverse:	cezpj	jpzec
l0777	Repeat:	über copy	über copy
l0778	Repeat:	a ’n’ the parser line without line and	a ’n’ the parser line without line and
l0779	Sort letters:	bkneo	bekno
l0780	Repeat:	"a
señor"	"a
señor"
l0781	Reverse:	pdn	ndp
l0782	Sort letters:	muqsjk	jkmqsu
l0783	Count vowels:	zvvymmwkry	0
l0784	Sort letters:	botqqcp	bcopqqt
l0785	Repeat:	every line copy	every line copy
l0786	Uppercase:	bpfkauw	BPFKAUW
l0787	Sort letters:	zxos	osxz
l0788	Reverse:	yjvrk	krvjy
l0789	Sort letters:	kjnmjeby	bejjkmny
l0790	Uppercase:	lyyoheyfb	LYYOHEYFB
l0791	Length:	sbq	3
l0792	Reverse:	yzlwc	cwlzy
l0793	Uppercase:	etts	ETTS
l0794	Reverse:	rhzq	qzhr
l0795	Reverse:	sqdffuhu	uhuffdqs
l0796	Repeat:	"she said ""of character"""	"she said ""of character"""
l0797	Length:	fdzzyw	6
l0798	Repeat:	copy data line	copy data line
l0799	Reverse:	fzxzxilc	clixzxzf
l0800	Uppercase:	cvswj	CVSWJ
l0801	Reverse:	dwrisv	vsirwd
l0802	Sort letters:	qymxw	mqwxy
l0803	Length:	bzddhzrhk	9
l0804	Sort letters:	ikzc	cikz
l0805	Sort letters:	glgitc	cggilt
l0806	Reverse:	zkwzahu	uhazwkz
l0807	Reverse:	akbmiayx	xyaimbka
l0808	Uppercase:	whouix	WHOUIX
l0809	Reverse:	bvgywe	ewygvb
l0810	Repeat:	single character the	single character the
l0811	Reverse:	duai	iaud
l0812	Reverse:	emx	xme
l0813	Repeat:	small reads	small reads
l0814	Reverse:	eotc	ctoe
l0815	Repeat:	déjà señor and a token the text gradient and naïve	déjà señor and a token the text gradient and naïve
l0816	Length:	eldcdjaiuu	10
l0817	Sort letters:	plaopk	aklopp
l0818	Count vowels:	dhubugqszm	2
l0819	Reverse:	byirb	briyb
l0820	Uppercase:	vmjjtjdc	VMJJTJDC
l0821	Sort letters:	zrgxoz	gorxzz
l0822	Sort letters:	vset	estv
l0823	Sort letters:	dsvvbelr	bdelrsvv
l0824	Reverse:	opc	cpo
l0825	Count vowels:	dtuugafa	4
l0826	Sort letters:	kzvcwwl	cklvwwz
l0827	Sort letters:	kmcrzua	ackmruz
l0828	Reverse:	pqd	dqp
l0829	Uppercase:	reesdy	REESDY
l0830	Repeat:	"naïve	quick and model copy loss of déjà exactly"	"naïve	quick and model copy loss of déjà exactly"
l0831	Uppercase:	wgvldoxgy	WGVLDOXGY
l0832	Length:	ccfvyvv	7
l0833	Reverse:	pyqm	mqyp
l0834	Uppercase:	infx	INFX
l0835	Count vowels:	xuhdlakyq	2
l0836	Reverse:	aqxkyxvi	ivxykxqa
l0837	Sort letters:	gvi	giv
l0838	Reverse:	qmyu	uymq
l0839	Sort letters:	nvekdips	deiknpsv
l0840	Reverse:	qkfj	jfkq
l0841	Uppercase:	skklsdma	SKKLSDMA
l0842	Reverse:	bqh	hqb
l0843	Sort letters:	mnt	mnt
l0844	Length:	ohtoqzdw	8
l0845	Reverse:	xabt	tbax
l0846	Sort letters:	omlcdq	cdlmoq
l0847	Sort letters:	lozflz	fllozz
l0848	Repeat:	résumé small batch	résumé small batch
l0849	Repeat:	café and café	café and café
l0850	Sort letters:	wfu	fuw
l0851	Sort letters:	jbhfzmk	bfhjkmz
l0852	Reverse:	ocxt	txco
l0853	Reverse:	znkkulz	zlukknz
l0854	Reverse:	emhrxqg	gqxrhme
l0855	Count vowels:	yxzfetx	1
l0856	Sort letters:	nuehf	efhnu
l0857	Sort letters:	rjwk	jkrw
l0858	Reverse:	tjaowk	kwoajt
l0859	Reverse:	cfxyg	gyxfc
l0860	Sort letters:	gau	agu
l0861	Reverse:	upby	ybpu
l0862	Sort letters:	gfbu	bfgu
l0863	Reverse:	hokf	fkoh
l0864	Sort letters:	cdtudvys	cddstuvy
l0865	Reverse:	jpbfuv	vufbpj
l0866	Uppercase:	gqhyvggsf	GQHYVGGSF
l0867	Uppercase:	aoxoyw	AOXOYW
l0868	Reverse:	wkriwke	ekwirkw
l0869	Repeat:	data the to	data the to
l0870	Reverse:	ckw	wkc
l0871	Sort letters:	bwdocv	bcdovw
l0872	Sort letters:	oolls	lloos
l0873	Length:	etaftds	7
l0874	Reverse:	gpicrf	frcipg
l0875	Sort letters:	xryqff	ffqrxy
l0876	Sort letters:	ulb	blu
l0877	Sort letters:	knahkx	ahkknx
l0878	Repeat:	to and without	to and without
l0879	Reverse:	jmpgkt	tkgpmj
l0880	Uppercase:	nvxzzpwup	NVXZZPWUP
l0881	Sort letters:	tjwetl	ejlttw
l0882	Repeat:	losing data and	losing data and
l0883	Reverse:	gbf	fbg
l0884	Sort letters:	vltdz	dltvz
l0885	Sort letters:	fwnkc	cfknw
l0886	Length:	ftajggnfrypo	12
l0887	Sort letters:	nyc	cny
l0888	Sort letters:	elszys	elssyz
l0889	Count vowels:	pkay	1
l0890	Repeat:	copy exactly résumé without single exactly über of	copy exactly résumé without single exactly über of
l0891	Count vowels:	tome	2
l0892	Uppercase:	quzwqfsvg	QUZWQFSVG
l0893	Uppercase:	snvjhxi	SNVJHXI
l0894	Uppercase:	hhy	HHY
l0895	Reverse:	xbcqnewi	iwenqcbx
l0896	Sort letters:	xpkiigxx	giikpxxx
l0897	Length:	hpl	3
l0898	Reverse:	qazxcy	ycxzaq
l0899	Count vowels:	uenpvnxp	2
l0900	Uppercase:	kwikwdw	KWIKWDW
l0901	Sort letters:	pzhtocya	achoptyz
l0902	Count vowels:	gxdkw	0
l0903	Repeat:	señor of	señor of
l0904	Repeat:	a reads it	a reads it
l0905	Count vowels:	dknnzyyndy	0
l0906	Uppercase:	lxl	LXL
l0907	Length:	yrkbduefvx	10
l0908	Sort letters:	uattyuys	asttuuyy
l0909	Reverse:	gdudhq	qhdudg
l0910	Reverse:	dpitssyb	bysstipd
l0911	Reverse:	oqdz	zdqo
l0912	Sort letters:	dxmjlpod	ddjlmopx
l0913	Count vowels:	luvc	1
l0914	Sort letters:	ynbttqn	bnnqtty
l0915	Sort letters:	proxhbqe	behopqrx
l0916	Reverse:	nscgymxh	hxmygcsn
l0917	Sort letters:	xcfumnj	cfjmnux
l0918	Sort letters:	amrh	ahmr
l0919	Uppercase:	ogiinfhj	OGIINFHJ
l0920	Repeat:	"she said ""line"""	"she said ""line"""
l0921	Uppercase:	uryguk	URYGUK
l0922	Count vowels:	wvokidnke	3
l0923	Reverse:	xpiwtnu	untwipx
l0924	Sort letters:	nvyxtv	ntvvxy
l0925	Count vowels:	iwij	2
l0926	Uppercase:	lfdcpw	LFDCPW
l0927	Repeat:	parser ’n’ token café	parser ’n’ token café
l0928	Length:	jbdkwwgjzrdn	12
l0929	Sort letters:	ivnlpr	ilnprv
l0930	Sort letters:	hyoacf	acfhoy
l0931	Length:	fmo	3
l0932	Sort letters:	nusu	nsuu
l0933	Count vowels:	yxnqg	0
l0934	Length:	xphqdu	6
l0935	Reverse:	vojdhh	hhdjov
l0936	Reverse:	ommnyu	uynmmo
l0937	Reverse:	hmqux	xuqmh
l0938	Length:	vj	2
l0939	Count vowels:	dksidllx	1
l0940	Sort letters:	ommytyz	mmotyyz
l0941	Uppercase:	mqqkoeyz	MQQKOEYZ
l0942	Repeat:	it über	it über
l0943	Reverse:	kbzi	izbk
l0944	Reverse:	wrjaokli	ilkoajrw
l0945	Reverse:	ibeyckw	wkcyebi
l0946	Count vowels:	ikfvgvwd	1
l0947	Reverse:	luobey	yeboul
l0948	Reverse:	mqitt	ttiqm
l0949	Sort letters:	taaje	aaejt
l0950	Repeat:	copy batch señor	copy batch señor
l0951	Uppercase:	ucehnnqt	UCEHNNQT
l0952	Length:	acjyyqvvoyra	12
l0953	Sort letters:	iuz	iuz
l0954	Reverse:	btxfe	efxtb
l0955	Repeat:	it loss	it loss
l0956	Uppercase:	yqktju	YQKTJU
l0957	Reverse:	owoabfp	pfbaowo
l0958	Reverse:	rny	ynr
l0959	Reverse:	ecuvzke	ekzvuce
l0960	Repeat:	"learns	and"	"learns	and"
l0961	Reverse:	lazxqzmp	pmzqxzal
l0962	Repeat:	"she ’n’ said ""copy token without"""	"she ’n’ said ""copy token without"""
l0963	Reverse:	eqxvjpts	stpjvxqe
l0964	Sort letters:	bcxp	bcpx
l0965	Uppercase:	seeqa	SEEQA
l0966	Repeat:	"she said ""without and line of copy a character"""	"she said ""without and line of copy a character"""
l0967	Uppercase:	dlzq	DLZQ
l0968	Uppercase:	lfjbr	LFJBR
l0969	Sort letters:	icazqi	aciiqz
l0970	Sort letters:	jdtm	djmt
l0971	Uppercase:	byg	BYG
l0972	Length:	ebltpbdrwv	10
l0973	Uppercase:	billawd	BILLAWD
l0974	Repeat:	model a data	model a data
l0975	Sort letters:	aogin	agino
l0976	Reverse:	xmjmph	hpmjmx
l0977	Reverse:	likswv	vwskil
l0978	Sort letters:	repmhgj	eghjmpr
l0979	Length:	infeqeukovr	11
l0980	Sort letters:	bprgg	bggpr
l0981	Sort letters:	vbxox	bovxx
l0982	Uppercase:	hanpkba	HANPKBA
l0983	Sort letters:	ovhinoq	hinooqv
l0984	Reverse:	utiwhb	bhwitu
l0985	Sort letters:	hnmsrunl	hlmnnrsu
l0986	Reverse:	fbu	ubf
l0987	Count vowels:	cxnipne	2
l0988	Sort letters:	tguzdi	dgituz
l0989	Uppercase:	bubdld	BUBDLD
l0990	Length:	xrgbc	5
l0991	Length:	hbqmlncegdk	11
l0992	Uppercase:	qnupcg	QNUPCG
l0993	Reverse:	wtrox	xortw
l0994	Sort letters:	cows	cosw
l0995	Count vowels:	tenfgqvwew	2
l0996	Sort letters:	tmxtee	eemttx
l0997	Uppercase:	oyfkn	OYFKN
l0998	Length:	tqqwaaxg	8
l0999	Reverse:	oom	moo
